Workbook

Sheet portföy
A1: Kategori | B1: Hisse | C1: Fiyat | D1: Adet | E1: Ort. Maliyet | F1: Değer | G1: Birim | H1: Kar | I1: Kar Oranı | J1: Ağırlık | K1: Dolar
A2: Kıymetli Maden | B2: Altıns1 | C2: =VLOOKUP(Portfoy[[#This Row],[Hisse]],'soruce tradingview'!A:C,3,0) -> 68.49 | D2: 132 | E2: 62.91 | F2: =IF(Portfoy[[#This Row],[Birim]]="TRY",Portfoy[[#This Row],[Fiyat]]*Portfoy[[#This Row],[Adet]],Portfoy[[#This Row],[Fiyat]]*Portfoy[[#This Row],[Adet]]*'soruce altın&dolar'!$B$7) -> 9040.68 | G2: TRY | H2: =(Portfoy[[#This Row],[Fiyat]]-Portfoy[[#This Row],[Ort. Maliyet]])*Portfoy[[#This Row],[Adet]] -> 736.56 | J2: =Portfoy[[#This Row],[Dolar]]/Portfoy[[#Totals],[Dolar]] -> 0.068654101 | K2: =IF(Portfoy[[#This Row],[Birim]]="TRY",Portfoy[[#This Row],[Değer]]/'soruce altın&dolar'!$C$7,Portfoy[[#This Row],[Değer]]/'soruce altın&dolar'!$C$7) -> 216.0573
A3: Kıymetli Maden | B3: Garanti Altın | C3: {=Garanti_altın_doviz[Satış]} -> 5493.55 | D3: 1.56 | E3: 4069.6496 | F3: =IF(Portfoy[[#This Row],[Birim]]="TRY",Portfoy[[#This Row],[Fiyat]]*Portfoy[[#This Row],[Adet]],Portfoy[[#This Row],[Fiyat]]*Portfoy[[#This Row],[Adet]]*'soruce altın&dolar'!$B$7) -> 8569.938 | G3: TRY | H3: =(Portfoy[[#This Row],[Fiyat]]-Portfoy[[#This Row],[Ort. Maliyet]])*Portfoy[[#This Row],[Adet]] -> 2221.2847 | J3: =Portfoy[[#This Row],[Dolar]]/Portfoy[[#Totals],[Dolar]] -> 0.065079329 | K3: =IF(Portfoy[[#This Row],[Birim]]="TRY",Portfoy[[#This Row],[Değer]]/'soruce altın&dolar'!$C$7,Portfoy[[#This Row],[Değer]]/'soruce altın&dolar'!$C$7) -> 204.80734
A4: Hisse Fonu | B4: GTY | C4: =VLOOKUP(Portfoy[[#This Row],[Hisse]],'soruce tefas'!A:B,2,0) -> 4.888085 | D4: 854 | E4: =(Portfoy[[#This Row],[Değer]]-124.79)/Portfoy[[#This Row],[Adet]] -> 4.7419609 | F4: =IF(Portfoy[[#This Row],[Birim]]="TRY",Portfoy[[#This Row],[Fiyat]]*Portfoy[[#This Row],[Adet]],Portfoy[[#This Row],[Fiyat]]*Portfoy[[#This Row],[Adet]]*'soruce altın&dolar'!$B$7) -> 4174.4246 | G4: TRY | H4: =(Portfoy[[#This Row],[Fiyat]]-Portfoy[[#This Row],[Ort. Maliyet]])*Portfoy[[#This Row],[Adet]] -> 124.79 | J4: =Portfoy[[#This Row],[Dolar]]/Portfoy[[#Totals],[Dolar]] -> 0.0317002 | K4: =IF(Portfoy[[#This Row],[Birim]]="TRY",Portfoy[[#This Row],[Değer]]/'soruce altın&dolar'!$C$7,Portfoy[[#This Row],[Değer]]/'soruce altın&dolar'!$C$7) -> 99.761843
A5: PPF | B5: GBN | C5: =VLOOKUP(Portfoy[[#This Row],[Hisse]],'soruce tefas'!A:B,2,0) -> 4.977975 | D5: 42 | E5: =(Portfoy[[#This Row],[Değer]]-6.58)/Portfoy[[#This Row],[Adet]] -> 4.8213083 | F5: =IF(Portfoy[[#This Row],[Birim]]="TRY",Portfoy[[#This Row],[Fiyat]]*Portfoy[[#This Row],[Adet]],Portfoy[[#This Row],[Fiyat]]*Portfoy[[#This Row],[Adet]]*'soruce altın&dolar'!$B$7) -> 209.07495 | G5: TRY | H5: =(Portfoy[[#This Row],[Fiyat]]-Portfoy[[#This Row],[Ort. Maliyet]])*Portfoy[[#This Row],[Adet]] -> 6.58 | J5: =Portfoy[[#This Row],[Dolar]]/Portfoy[[#Totals],[Dolar]] -> 0.0015876961 | K5: =IF(Portfoy[[#This Row],[Birim]]="TRY",Portfoy[[#This Row],[Değer]]/'soruce altın&dolar'!$C$7,Portfoy[[#This Row],[Değer]]/'soruce altın&dolar'!$C$7) -> 4.9965455
A6: PPF | B6: GTL | C6: =VLOOKUP(Portfoy[[#This Row],[Hisse]],'soruce tefas'!A:B,2,0) -> 0.09741 | D6: 872481 | E6: =(Portfoy[[#This Row],[Değer]]-570.2)/Portfoy[[#This Row],[Adet]] -> 0.096756461 | F6: =IF(Portfoy[[#This Row],[Birim]]="TRY",Portfoy[[#This Row],[Fiyat]]*Portfoy[[#This Row],[Adet]],Portfoy[[#This Row],[Fiyat]]*Portfoy[[#This Row],[Adet]]*'soruce altın&dolar'!$B$7) -> 84988.374 | G6: TRY | H6: =(Portfoy[[#This Row],[Fiyat]]-Portfoy[[#This Row],[Ort. Maliyet]])*Portfoy[[#This Row],[Adet]] -> 570.2 | J6: =Portfoy[[#This Row],[Dolar]]/Portfoy[[#Totals],[Dolar]] -> 0.64539398 | K6: =IF(Portfoy[[#This Row],[Birim]]="TRY",Portfoy[[#This Row],[Değer]]/'soruce altın&dolar'!$C$7,Portfoy[[#This Row],[Değer]]/'soruce altın&dolar'!$C$7) -> 2031.0816
A7: ETF | B7: CHAT | C7: =VLOOKUP(Portfoy[[#This Row],[Hisse]],'soruce tradingview'!A:C,3,0) -> 62.07 | D7: 1.552 | E7: 64.43 | F7: =IF(Portfoy[[#This Row],[Birim]]="TRY",Portfoy[[#This Row],[Fiyat]]*Portfoy[[#This Row],[Adet]],(Portfoy[[#This Row],[Fiyat]]*Portfoy[[#This Row],[Adet]])*'soruce altın&dolar'!$B$7) -> 4028.9682 | G7: USD | H7: =(Portfoy[[#This Row],[Fiyat]]-Portfoy[[#This Row],[Ort. Maliyet]])*Portfoy[[#This Row],[Adet]] -> -3.66272 | J7: =Portfoy[[#This Row],[Dolar]]/Portfoy[[#Totals],[Dolar]] -> 0.030595618 | K7: =IF(Portfoy[[#This Row],[Birim]]="TRY",Portfoy[[#This Row],[Değer]]/'soruce altın&dolar'!$C$7,Portfoy[[#This Row],[Değer]]/'soruce altın&dolar'!$C$7) -> 96.285675
A8: ETF | B8: VOO | C8: =VLOOKUP(Portfoy[[#This Row],[Hisse]],'soruce tradingview'!A:C,3,0) -> 600.47 | D8: 0.162 | E8: 617.281 | F8: =IF(Portfoy[[#This Row],[Birim]]="TRY",Portfoy[[#This Row],[Fiyat]]*Portfoy[[#This Row],[Adet]],Portfoy[[#This Row],[Fiyat]]*Portfoy[[#This Row],[Adet]]*'soruce altın&dolar'!$B$7) -> 4068.4286 | G8: USD | H8: =(Portfoy[[#This Row],[Fiyat]]-Portfoy[[#This Row],[Ort. Maliyet]])*Portfoy[[#This Row],[Adet]] -> -2.723382 | J8: =Portfoy[[#This Row],[Dolar]]/Portfoy[[#Totals],[Dolar]] -> 0.030895277 | K8: =IF(Portfoy[[#This Row],[Birim]]="TRY",Portfoy[[#This Row],[Değer]]/'soruce altın&dolar'!$C$7,Portfoy[[#This Row],[Değer]]/'soruce altın&dolar'!$C$7) -> 97.228715
A9: ETF | B9: QQQ | C9: =VLOOKUP(Portfoy[[#This Row],[Hisse]],'soruce tradingview'!A:C,3,0) -> 589.59 | D9: 0.1643 | E9: 608.39 | F9: =IF(Portfoy[[#This Row],[Birim]]="TRY",Portfoy[[#This Row],[Fiyat]]*Portfoy[[#This Row],[Adet]],Portfoy[[#This Row],[Fiyat]]*Portfoy[[#This Row],[Adet]]*'soruce altın&dolar'!$B$7) -> 4051.4273 | G9: USD | H9: =(Portfoy[[#This Row],[Fiyat]]-Portfoy[[#This Row],[Ort. Maliyet]])*Portfoy[[#This Row],[Adet]] -> -3.08884 | J9: =Portfoy[[#This Row],[Dolar]]/Portfoy[[#Totals],[Dolar]] -> 0.03076617 | K9: =IF(Portfoy[[#This Row],[Birim]]="TRY",Portfoy[[#This Row],[Değer]]/'soruce altın&dolar'!$C$7,Portfoy[[#This Row],[Değer]]/'soruce altın&dolar'!$C$7) -> 96.822411
A10: CASH | B10: CASH | C10: ='soruce altın&dolar'!$C$7 -> 41.8439 | D10: 300 | E10: 41.591 | F10: =Portfoy[[#This Row],[Fiyat]]*Portfoy[[#This Row],[Adet]] -> 12553.17 | G10: USD | H10: =(Portfoy[[#This Row],[Fiyat]]-Portfoy[[#This Row],[Ort. Maliyet]])*Portfoy[[#This Row],[Adet]] -> 75.87 | J10: =Portfoy[[#This Row],[Dolar]]/Portfoy[[#Totals],[Dolar]] -> 0.09532763 | K10: =IF(Portfoy[[#This Row],[Birim]]="TRY",Portfoy[[#This Row],[Değer]]/'soruce altın&dolar'!$C$7,Portfoy[[#This Row],[Değer]]/'soruce altın&dolar'!$C$7) -> 300
F11: =SUBTOTAL(109,Portfoy[Değer]) -> 131684.49 | K11: =SUBTOTAL(109,Portfoy[Dolar]) -> 3147.0414
R28: Row Labels | S28: Sum of Ağırlık
R29: Kıymetli Maden | S29: 0.13607599
R30: Hisse Fonu | S30: 0.031498654
R31: PPF | S31: 0.64263967
R32: ETF | S32: 0.09500643
R33: CASH | S33: 0.094779263
R34: Grand Total | S34: 1

Sheet source
A1: Tarih | B1: Kategori | C1: Hisse | D1: Fiyat | E1: Adet | F1: Ort. Maliyet | G1: Değer | H1: Kar | I1: Kar Oranı | J1: Ağırlık | K1: Dolar
A2: 40686 | B2: Kıymetli Maden | C2: Altıns1 | D2: 58.44 | E2: 20 | G2: 1168.8 | J2: 0.017978316 | K2: 28.220228
A3: 40686 | B3: Kıymetli Maden | C3: Garanti Altın | D3: 4990.96 | E3: 1.56 | G3: 7785.8976 | J3: 0.11976157 | K3: 187.98751 | O3: Sum of Dolar | P3: Column Labels
A4: 40686 | B4: Hisse Fonu | C4: GTY | D4: 4.736756 | E4: 854 | G4: 4045.1896 | J4: 0.062222533 | K4: 97.669553 | O4: Row Labels | P4: Hisse Fonu | Q4: Kıymetli Maden | R4: PPF | S4: Grand Total
A5: 40686 | B5: PPF | C5: GBN | D5: 4.869009 | E5: 5272 | G5: 25669.415 | J5: 0.39484331 | K5: 619.77819 | O5: 40686 | P5: 97.669553 | Q5: 216.20774 | R5: 1255.8041 | S5: 1569.6814
A6: 40686 | B6: PPF | C6: GTL | D6: 0.095207 | E6: 276685 | G6: 26342.349 | J6: 0.40519427 | K6: 636.02591 | O6: 45931 | P6: 99.139998 | Q6: 405.65057 | R6: 2561.7269 | S6: 3066.5175
A7: 45931 | B7: Kıymetli Maden | C7: Altıns1 | D7: 65.4 | E7: 132 | F7: 62.91 | G7: 8632.8 | H7: 328.68 | J7: 0.067687576 | K7: 207.56513 | O7: Grand Total | P7: 196.80955 | Q7: 621.85831 | R7: 3817.531 | S7: 4636.1989
A8: 45931 | B8: Kıymetli Maden | C8: Garanti Altın | D8: 5281.11 | E8: 1.56 | F8: 4069.6496 | G8: 8238.5316 | H8: 1889.8783 | J8: 0.064596218 | K8: 198.08543
A9: 45931 | B9: Hisse Fonu | C9: GTY | D9: 4.828234 | E9: 854 | F9: 4.6821099 | G9: 4123.3118 | H9: 124.79 | J9: 0.032329833 | K9: 99.139998
A10: 45931 | B10: PPF | C10: GBN | D10: 4.930983 | E10: 42 | F10: 4.7743163 | G10: 207.10129 | H10: 6.58 | J10: 0.0016238282 | K10: 4.9794975
A11: 45931 | B11: PPF | C11: GTL | D11: 0.096445 | E11: 1102568 | F11: 0.095927844 | G11: 106337.17 | H11: 570.2 | J11: 0.83376255 | K11: 2556.7474

Sheet Cost accounting
A1: Tarih | B1: Ürün | C1: Adet | D1: İşlem | E1: Fiyat | F1: Birim | G1: Toplam | H1: Dolar | I1: Toplam2
A2: 45901 | B2: Garanti Altın | C2: 1 | D2: Alış | E2: =4624.751 -> 4624.751 | F2: TRY | G2: =C2*E2 -> 4624.751
A3: 45643 | B3: Garanti Altın | C3: 0.56 | D3: Satış | E3: 3078.397 | F3: TRY | G3: =C3*E3 -> 1723.9023 | K3: =SUMPRODUCT(C2:C3,E2:E3)/(C2+C3) -> 4069.6496
A4: 45936 | B4: CHAT | C4: 1.552 | D4: Alış | E4: 64.43 | F4: USD | G4: =C4*E4 -> 99.99536
A5: 45936 | B5: VOO | C5: 0.162 | D5: Alış | E5: 617.281 | F5: USD | G5: =C5*E5 -> 99.999522
A6: 45936 | B6: QQQ | C6: 0.1643 | D6: Alış | E6: 608.39 | F6: USD | G6: =C6*E6 -> 99.958477
A7: Total | G7: =SUM(garantialtın_cost[Toplam])/garantialtın_cost[[#Totals],[Adet]] -> #DIV/0! | I7: =SUBTOTAL(103,garantialtın_cost[Toplam2]) -> 0

Sheet hedefler
B5: 1. Hedef
O6: GTL
N7: aylık | O7: 0.0352
B8: Değer | D8: 100000 | E8: 2500 | N8: stopaj | O8: 0.175
B9: PPF | C9: 0.8 | D9: =C9*$D$8 -> 80000 | E9: =$E$8*C9 -> 2000
B10: TR Hisse | C10: 0 | D10: =C10*$D$8 -> 0 | E10: =$E$8*C10 -> 0 | N10: Yatırım miktarı | O10: 50000
B11: US Hisse | C11: 0 | D11: =C11*$D$8 -> 0 | E11: =$E$8*C11 -> 0 | N11: brüt kar | O11: =O10*O7 -> 1760
B12: Kıy. Maden | C12: 0.2 | D12: =C12*$D$8 -> 20000 | E12: =$E$8*C12 -> 500 | N12: net kar | O12: =O11*(1-O8) -> 1452
B13: Eurobond | C13: 0 | D13: =C13*$D$8 -> 0 | E13: =$E$8*C13 -> 0
N14: Net kar marjı | O14: =O12/O10 -> 0.02904
B17: 2. Hedef
B20: Değer | D20: 250000 | E20: 5000
B21: PPF | C21: 0.5 | D21: =C21*$D$20 -> 125000 | E21: =C21*$E$20 -> 2500
B22: TR Hisse | C22: 0.1 | D22: =C22*$D$20 -> 25000 | E22: =C22*$E$20 -> 500
B23: US Hisse | C23: 0.1 | D23: =C23*$D$20 -> 25000 | E23: =C23*$E$20 -> 500
B24: Kıy. Maden | C24: 0.3 | D24: =C24*$D$20 -> 75000 | E24: =C24*$E$20 -> 1500
B25: Eurobond | C25: 0 | D25: =C25*$D$20 -> 0 | E25: =C25*$E$20 -> 0
B29: 3. Hedef
B32: Değer | D32: 500000 | E32: 10000
B33: PPF | C33: 0.3 | D33: =C33*$D$32 -> 150000 | E33: =C33*$E$32 -> 3000
B34: TR Hisse | C34: 0.1 | D34: =C34*$D$32 -> 50000 | E34: =C34*$E$32 -> 1000
B35: US Hisse | C35: 0.2 | D35: =C35*$D$32 -> 100000 | E35: =C35*$E$32 -> 2000
B36: Kıy. Maden | C36: 0.3 | D36: =C36*$D$32 -> 150000 | E36: =C36*$E$32 -> 3000
B37: Eurobond | C37: 0.1 | D37: =C37*$D$32 -> 50000 | E37: =C37*$E$32 -> 1000
B41: 4. Hedef
B44: Değer | D44: 1000000 | E44: 20000
B45: PPF | C45: 0.2 | D45: =C45*$D$44 -> 200000 | E45: =C45*$E$44 -> 4000
B46: TR Hisse | C46: 0.1 | D46: =C46*$D$44 -> 100000 | E46: =C46*$E$44 -> 2000
B47: US Hisse | C47: 0.4 | D47: =C47*$D$44 -> 400000 | E47: =C47*$E$44 -> 8000
B48: Kıy. Maden | C48: 0.2 | D48: =C48*$D$44 -> 200000 | E48: =C48*$E$44 -> 4000
B49: Eurobond | C49: 0.1 | D49: =C49*$D$44 -> 100000 | E49: =C49*$E$44 -> 2000

Sheet pivot

Sheet soruce altın&dolar
A1: Altın Kuru | B1: Alış | C1: Satış
A2: Garanti Gram Altın | B2: 5233.99 | C2: 5493.55
A6: Column1 | B6: Alış | C6: Satış
A7: USD Amerikan Doları | B7: 41.8235 | C7: 41.8439
A8: EUR Euro | B8: 48.5761 | C8: 48.5932

Sheet soruce tradingview
A1: İsim | B1: Ticker | C1: Prices
A2: Altıns1 | B2: ALTIN | C2: 68.49
A3: eregl | B3: EREGL | C3: 27.86
A4: VOO | B4: VOO | C4: 600.47
A5: thy | B5: THYAO | C5: 313.75
A6: CHAT | B6: CHAT | C6: 62.07
A7: QQQ | B7: QQQ | C7: 589.59

Sheet soruce tefas
A1: Ticker | B1: Fiyat
A2: ZBJ | B2: 3.708072
A3: GTL | B3: 0.09741 | M3: Notes | N3: Mavi columnda boş satır bırakma
A4: GTY | B4: 4.888085
A5: GBN | B5: 4.977975
A6: GTL | B6: 0.09741

Sheet r&d
A2: Sorun | B2: Tradingviewden gelen verilern para birimleri TL ve $ olarak farklı olması
